ERR10074672	genus	0.0674374757963986	0.0704161194000482	0.60052188651066
ERR10161818	genus	0.840843312868106	0.97670826246942	0.996039262253368
ERR10300512	genus	0.889319082610533	0.966146658933526	0.976742839900075
ERR10305174	genus	0.825953958353532	0.871105148659107	0.994668118253094
ERR10359856	genus	0.930682274335707	0.97430342273715	0.995096609246356
ERR10361812	genus	0.621433735084577	0.685456453265603	0.98719438511499
ERR10390746	genus	0.117043894813021	0.123508602155446	0.625396399811392
ERR10422207	genus	0.843677954194861	0.874650400623679	0.997492207075408
ERR10435774	genus	0.961791192154188	0.997507821356373	0.998906290754748
ERR10440122	genus	0.817408005325789	0.963259827360728	0.998306410435699
ERR10702869	genus	0.901369500430115	0.986660052042334	0.997572225262122
ERR10759922	genus	0.923044531329221	0.978516232426121	0.995226923523113
ERR10890411	genus	0.737502087206681	0.954706762527323	0.998193468184399
ERR10891225	genus	0.94552434467702	0.983956404884694	0.998339463852588
ERR11049760	genus	0.905651445043596	0.971592514999483	0.998179577224121
ERR11209666	genus	0.920632697783151	0.988139990709584	0.997254248787014
ERR7425868	genus	0.898584770324673	0.944808816193895	0.996842559913605
SRR19070098	genus	0.835487210735816	0.972280129715704	0.99663683317158
SRR21002050	genus	0.872726159245238	0.939017158049443	0.997689652443368
SRR21160816	genus	0.632869243293579	0.651142538515708	0.986062495126368
SRR21221814	genus	0.913154871735349	0.969785080341087	0.998363369331743
SRR21232130	genus	0.895629399762721	0.980034328471947	0.992190391692774
SRR21391477	genus	0.721363213395311	0.849621390746211	0.97844148891309
SRR21434628	genus	0.9380625600049	0.973875299148056	0.998174343488408
SRR21472570	genus	0.539454211442762	0.619765386855499	0.971661672184132
SRR21472699	genus	0.837897173712279	0.961052717590005	0.994118024485404
SRR21472777	genus	0.66080141394764	0.790557637946278	0.974595844728845
SRR21472820	genus	0.781773880976124	0.940954228581565	0.980316570676579
SRR21472879	genus	0.650803927730941	0.72041280726557	0.940990285202999
SRR21472983	genus	0.707175035180604	0.836157789499037	0.933821434540058
SRR21536800	genus	0.615647479464138	0.644635493628669	0.978822945921863
SRR21538116	genus	0.861023672046665	0.967134958223393	0.989493617322038
SRR21541429	genus	0.906650372622309	0.966088636095102	0.996922209371047
SRR21595977	genus	0.668474169030939	0.704636116336133	0.981500345133192
SRR21684637	genus	0.859920392334952	0.948306040992624	0.997651426661391
SRR21733551	genus	0.776637954925272	0.874161167927737	0.986390088229773
SRR21745898	genus	0.904262329592506	0.966886276908988	0.99765213365022
SRR22051901	genus	0.801974732727201	0.928918453395994	0.996557945244767
SRR22062739	genus	0.923870346887635	0.963002582092089	0.991488531187979
SRR22096772	genus	0.792885264341957	0.835543241379129	0.995766631870433
SRR22207084	genus	0.947186601018454	0.974579254218304	0.998043149660681
SRR22307691	genus	0.819061572813274	0.919930966274788	0.994994392885131
SRR22536093	genus	0.92775415745528	0.988954990768531	0.99540102841368
SRR22550467	genus	0.782727425857504	0.957906718545714	0.996948581795964
SRR22826819	genus	0.417704417660635	0.964826709965431	0.993429169989546
SRR22839128	genus	0.648267329906027	0.712711409652734	0.984481473446479
SRR22862827	genus	0.859014662513807	0.948397074155445	0.996083526092007
SRR22973785	genus	0.899002826146296	0.986795055671411	0.998730219150823
SRR22980637	genus	0.765486807880477	0.881598236923128	0.992535695297161
SRR22980750	genus	0.568733558522992	0.780776430029293	0.972488036701936
SRR22980906	genus	0.720788767449321	0.876608698252748	0.967511717796735
SRR22981039	genus	0.553712165195235	0.617808741326561	0.998001044784348
SRR22981646	genus	0.863392673850753	0.975469718371512	0.9915630420865
SRR23033313	genus	0.0734269044728576	0.0962366441403349	0.270940945085658
SRR23053888	genus	0.941565137005784	0.985460467267445	0.99784504220649
SRR23080377	genus	0.927292873053347	0.988737233262291	0.997506507881198
SRR23133853	genus	0.839252201494549	0.947289070881472	0.987168099639764
SRR23190414	genus	0.847321635461307	0.921842016322505	0.996970986182184
SRR23269275	genus	0.95597229558453	0.988710071606781	0.999225992390686
SRR23274612	genus	0.771705213614416	0.941205359133107	0.998560029790416
SRR23291419	genus	0.151469503476844	0.158555803138587	0.879834507610092
SRR23320234	genus	0.878356618929294	0.974809345779742	0.995271250594787
SRR23344037	genus	0.881892522451052	0.980858781038798	0.986386350090078
SRR23355009	genus	0.764658385318571	0.816310177605839	0.978833824072518
SRR23373793	genus	0.843088345357295	0.970546859883171	0.996750665979204
SRR23384699	genus	0.656433681020997	0.699452645252716	0.962961608121246
SRR23425431	genus	0.90324474834376	0.967152550836653	0.995533064195144
SRR23697489	genus	0.839533278049529	0.888996486251249	0.97891282077495
SRR23727810	genus	0.957718322887856	0.995402069990303	0.998048448209013
SRR23821289	genus	0.833910087826116	0.870095821398329	0.984117962818736
SRR23885914	genus	0.827542929741046	0.964200849207277	0.991516936853101
SRR23912828	genus	0.807272627565741	0.855334849313187	0.99551590872588
SRR23937127	genus	0.909772267237512	0.978725687886933	0.997126690831934
SRR24326226	genus	0.911433095244789	0.963996024372545	0.997742229090409
SRR24326338	genus	0.613009992390028	0.643582751099812	0.964089070652092
SRR24446366	genus	0.795540416961461	0.869946734712754	0.977402096944564
SRR24467445	genus	0.924261672112833	0.972769389839381	0.998863756706301
SRR24660299	genus	0.877852903660983	0.963229046878624	0.99725720034075
SRR24742604	genus	0.830791600887246	0.926104817395693	0.999054853019296
SRR24743436	genus	0.892494136727289	0.95179371862857	0.997226313877026
SRR24748826	genus	0.836407066911158	0.984199714317151	0.995132703455672
SRR24876935	genus	0.714457837459614	0.750701392237799	0.958294411271601
SRR24884283	genus	0.805638328245535	0.97119121348719	0.994167898078216
SRR24890545	genus	0.789468585317753	0.916390912815762	0.990645420264003
SRR24894189	genus	0.885027263874693	0.936286331123294	0.998554019855947
SRR24915652	genus	0.92263176310699	0.984481925770872	0.99774597896927
SRR24958400	genus	0.896795911582561	0.949352990361151	0.998300713177184
SRR24967447	genus	0.898158720136044	0.959120400434455	0.998473949201104
SRR24969135	genus	0.709904804319467	0.925429054499817	0.978566153614532
SRR24969169	genus	0.201739073035182	0.445544258819665	0.467698681433967
SRR24984115	genus	0.926819372441468	0.987821872199076	0.996660937595693
SRR24988115	genus	0.836652451751067	0.971053599392752	0.998595621926055
SRR25072685	genus	0.440646608042045	0.965918306269429	0.995220439212293
SRR25145571	genus	0.832380317403981	0.93646863555407	0.955477038645311
SRR25206002	genus	0.927075802662081	0.984617420057244	0.998303759632551
SRR25209441	genus	0.805550120740783	0.867688167064962	0.981859145151908
SRR25301688	genus	0.88524060006936	0.958583207964041	0.987426786782226
SRR25322644	genus	0.845165355296502	0.924840325688061	0.990492194906582
SRR25361444	genus	0.876711593154715	0.948728586339834	0.991231791499703
SRR25393410	genus	0.621129468552446	0.645293947868666	0.982416053892787
